intersect_bp,f_orig_query,f_match,f_unique_to_query,f_unique_weighted,average_abund,median_abund,std_abund,filename,name,md5,f_match_orig,unique_intersect_bp,gather_result_rank,remaining_bp,query_filename,query_name,query_md5,query_bp,ksize,moltype,scaled,query_n_hashes,query_abundance,query_containment_ani,match_containment_ani,average_containment_ani,max_containment_ani,potential_false_negative,n_unique_weighted_found,sum_weighted_found,total_weighted_hashes,lineage
1025000,0.04704640381879102,0.2017716535433071,0.04704640381879102,0.053944103169114355,1.293658536585366,1.0,0.6511594016287915,/tmp/nxf.XXXXafbvaf/sourmash_database/gtdb-rs214-reps.k51.zip,"GCF_000012825.1 Bacteroides vulgatus ATCC 8482 strain=ATCC 8482, ASM1282v1",63b92dc09e7b5ffbd878d8e5fce5cfec,0.2017716535433071,1025000,0,9503000,ERR1293332.fastq.gz,ERR1293332,9fd758eb,21787000,51,DNA,1000,21787,True,0.9418269349557271,0.9691027075233088,0.955464821239518,0.9691027075233088,False,1326,1326,24581,d__Bacteria;p__Bacteroidota;c__Bacteroidia;o__Bacteroidales;f__Bacteroidaceae;g__Phocaeicola;s__Phocaeicola vulgatus
472000,0.02166429522192133,0.07297799814068795,0.02161839629136641,0.02148000488181929,1.1210191082802548,1.0,0.3689139130186577,/tmp/nxf.XXXXafbvaf/sourmash_database/gtdb-rs214-reps.k51.zip,"GCF_001314995.1 Bacteroides ovatus strain=ATCC 8483, ASM131499v1",c28ea957513bf36bf9dc694cd077b880,0.0731329408118996,471000,1,9032000,ERR1293332.fastq.gz,ERR1293332,9fd758eb,21787000,51,DNA,1000,21787,True,0.9276145252129294,0.9500089715208284,0.938811748366879,0.9500089715208284,False,528,1854,24581,d__Bacteria;p__Bacteroidota;c__Bacteroidia;o__Bacteroidales;f__Bacteroidaceae;g__Bacteroides;s__Bacteroides ovatus
428000,0.019644742277504935,0.17058589079314468,0.019644742277504935,0.021032504780114723,1.2079439252336448,1.0,0.5126734733859014,/tmp/nxf.XXXXafbvaf/sourmash_database/gtdb-rs214-reps.k51.zip,"GCA_900539195.1 uncultured Ruminococcaceae bacterium, UMGS108",9128f89e885f57a2bf89153636078e24,0.17058589079314468,428000,2,8604000,ERR1293332.fastq.gz,ERR1293332,9fd758eb,21787000,51,DNA,1000,21787,True,0.9258363796552336,0.9659175588741973,0.9458769692647154,0.9659175588741973,False,517,2371,24581,d__Bacteria;p__Bacillota_A;c__Clostridia;o__Oscillospirales;f__Ruminococcaceae;g__Ruminiclostridium_E;s__Ruminiclostridium_E sp900539195
388000,0.01780878505530821,0.15114920140241528,0.01780878505530821,0.020218868231560962,1.2809278350515463,1.0,0.6100085895528872,/tmp/nxf.XXXXafbvaf/sourmash_database/gtdb-rs214-reps.k51.zip,"GCA_000432135.1 Firmicutes bacterium CAG:124, MGS124",6b915c74416fbc7426b7dfb5b1f7e785,0.15114920140241528,388000,3,8216000,ERR1293332.fastq.gz,ERR1293332,9fd758eb,21787000,51,DNA,1000,21787,True,0.9240568943041715,0.9636291272164212,0.9438430107602964,0.9636291272164212,False,497,2868,24581,d__Bacteria;p__Bacillota_A;c__Clostridia;o__Oscillospirales;f__Oscillospiraceae;g__CAG-170;s__CAG-170 sp000432135
375000,0.017212098958094276,0.09464916708732964,0.017212098958094276,0.019079777063585695,1.2506666666666666,1.0,0.8172104312163966,/tmp/nxf.XXXXafbvaf/sourmash_database/gtdb-rs214-reps.k51.zip,"GCA_003584705.1 Lachnospiraceae bacterium GAM79 strain=GAM79, ASM358470v1",70a12b75803f82aa8bff2c80aad9821b,0.09464916708732964,375000,4,7841000,ERR1293332.fastq.gz,ERR1293332,9fd758eb,21787000,51,DNA,1000,21787,True,0.9234396255685782,0.9548251697790238,0.939132397673801,0.9548251697790238,False,469,3337,24581,d__Bacteria;p__Bacillota_A;c__Clostridia;o__Lachnospirales;f__Lachnospiraceae;g__Acetatifactor;s__Acetatifactor sp900066565
309000,0.014182769541469683,0.06585749606653181,0.013448386652590995,0.01419795777226313,1.1911262798634812,1.0,0.6845364848351481,/tmp/nxf.XXXXafbvaf/sourmash_database/gtdb-rs214-reps.k51.zip,"GCF_900537995.1 Roseburia intestinalis L1-82 strain=L1-82, Roseburia intestinalis strain L1-82",a0a31bbf8562bc7e5e4b2fd755c9aae9,0.06945380984490897,293000,5,7548000,ERR1293332.fastq.gz,ERR1293332,9fd758eb,21787000,51,DNA,1000,21787,True,0.9199410964894704,0.9490479563229463,0.9344945264062083,0.9490479563229463,False,349,3686,24581,d__Bacteria;p__Bacillota_A;c__Clostridia;o__Lachnospirales;f__Lachnospiraceae;g__Roseburia;s__Roseburia intestinalis
289000,0.013264790930371322,0.09353970390309556,0.012759902694267224,0.01253000284772792,1.1079136690647482,1.0,0.39220181785436,/tmp/nxf.XXXXafbvaf/sourmash_database/gtdb-rs214-reps.k51.zip,"GCA_025150085.1 Dorea longicatena strain=DSM 13814, ASM2515008v1",77e56408450c979b22420d0739bfd623,0.09724091520861373,278000,6,7270000,ERR1293332.fastq.gz,ERR1293332,9fd758eb,21787000,51,DNA,1000,21787,True,0.9187348785568272,0.9553310705942349,0.937032974575531,0.9553310705942349,False,308,3994,24581,d__Bacteria;p__Bacillota_A;c__Clostridia;o__Lachnospirales;f__Lachnospiraceae;g__Dorea_A;s__Dorea_A longicatena
274000,0.01257630697204755,0.10611928737412858,0.01257630697204755,0.013180912086570929,1.1824817518248176,1.0,0.630362867368879,/tmp/nxf.XXXXafbvaf/sourmash_database/gtdb-rs214-reps.k51.zip,"GCA_004000625.1 Candidatus Cibiobacter qucibialis, ASM400062v1",442a7b6ad44794daf4265d6e6158d0b9,0.10611928737412858,274000,7,6996000,ERR1293332.fastq.gz,ERR1293332,9fd758eb,21787000,51,DNA,1000,21787,True,0.917775237619515,0.9569691287844886,0.9373721832020018,0.9569691287844886,False,324,4318,24581,d__Bacteria;p__Bacillota_A;c__Clostridia;o__Oscillospirales;f__Ruminococcaceae;g__Gemmiger;s__Gemmiger qucibialis
270000,0.01239271124982788,0.14547413793103448,0.01239271124982788,0.013058866604287865,1.1888888888888889,1.0,0.4445833116387235,/tmp/nxf.XXXXafbvaf/sourmash_database/gtdb-rs214-reps.k51.zip,"GCA_000432435.1 Eubacterium sp. CAG:180, MGS180",6aaa52329b08c80e1697031516b7eac0,0.14547413793103448,270000,8,6726000,ERR1293332.fastq.gz,ERR1293332,9fd758eb,21787000,51,DNA,1000,21787,True,0.9175106299304621,0.9629063154587024,0.9402084726945823,0.9629063154587024,False,321,4639,24581,d__Bacteria;p__Bacillota_A;c__Clostridia;o__Oscillospirales;f__Acutalibacteraceae;g__Fimenecus;s__Fimenecus sp000432435
277000,0.012714003763712305,0.07121253780588398,0.01188782301372378,0.011838411781457224,1.1235521235521235,1.0,0.4216456638173263,/tmp/nxf.XXXXafbvaf/sourmash_database/gtdb-rs214-reps.k51.zip,"GCF_015557635.1 Fusicatenibacter saccharivorans strain=D41t1_190614_C8, ASM1555763v1",d2fdc17cdae8aecf1aac02f627d3979a,0.0761616717074512,259000,9,6467000,ERR1293332.fastq.gz,ERR1293332,9fd758eb,21787000,51,DNA,1000,21787,True,0.9179712197472445,0.9507651711467466,0.9343681954469956,0.9507651711467466,False,291,4930,24581,d__Bacteria;p__Bacillota_A;c__Clostridia;o__Lachnospirales;f__Lachnospiraceae;g__Fusicatenibacter;s__Fusicatenibacter saccharivorans
272000,0.012484509110937715,0.04080981986290451,0.011750126222059025,0.01086204792319271,1.04296875,1.0,0.20278667738152203,/tmp/nxf.XXXXafbvaf/sourmash_database/gtdb-rs214-reps.k51.zip,"GCF_000011065.1 Bacteroides thetaiotaomicron VPI-5482 strain=VPI-5482, ASM1106v1",36e5cf9f0e4c0a0411f3300c5364f87f,0.04336043360433604,256000,10,6211000,ERR1293332.fastq.gz,ERR1293332,9fd758eb,21787000,51,DNA,1000,21787,True,0.9176434106530458,0.9403214551040463,0.9289824328785461,0.9403214551040463,False,267,5197,24581,d__Bacteria;p__Bacteroidota;c__Bacteroidia;o__Bacteroidales;f__Bacteroidaceae;g__Bacteroides;s__Bacteroides thetaiotaomicron
244000,0.011199339055400008,0.111977971546581,0.011199339055400008,0.012041820918595663,1.2131147540983607,1.0,0.4744195451963207,/tmp/nxf.XXXXafbvaf/sourmash_database/gtdb-rs214-reps.k51.zip,"GCA_003525905.1 Clostridiales bacterium, ASM352590v1",68d740a918028a84a485245895b6166f,0.111977971546581,244000,11,5967000,ERR1293332.fastq.gz,ERR1293332,9fd758eb,21787000,51,DNA,1000,21787,True,0.9156908413752388,0.9579780121221957,0.9368344267487172,0.9579780121221957,False,296,5493,24581,d__Bacteria;p__Bacillota_A;c__Clostridia;o__Oscillospirales;f__Oscillospiraceae;g__Faecousia;s__Faecousia sp003525905
236000,0.010832147610960664,0.08635514018691588,0.010602652958186074,0.011757048126601846,1.251082251082251,1.0,0.5322387147810799,/tmp/nxf.XXXXafbvaf/sourmash_database/gtdb-rs214-reps.k51.zip,"GCF_000765235.1 Oscillibacter sp. ER4 strain=ER4, ASM76523v1",b86d494b379656b1b7a7b4d8bf763e29,0.08822429906542056,231000,12,5736000,ERR1293332.fastq.gz,ERR1293332,9fd758eb,21787000,51,DNA,1000,21787,True,0.9150924907830166,0.9535100154804992,0.9343012531317578,0.9535100154804992,False,289,5782,24581,d__Bacteria;p__Bacillota_A;c__Clostridia;o__Oscillospirales;f__Oscillospiraceae;g__ER4;s__ER4 sp000765235
243000,0.011153440124845091,0.0695270905104917,0.010189562583191812,0.010617956958626582,1.1756756756756757,1.0,0.529101944606808,/tmp/nxf.XXXXafbvaf/sourmash_database/gtdb-rs214-reps.k51.zip,"GCF_900167555.1 Gemmiger formicilis strain=ATCC 27749, IMG-taxon 2590828806 annotated assembly",316f66857e7940a11e48de3faf3d397d,0.07610397745067335,222000,13,5514000,ERR1293332.fastq.gz,ERR1293332,9fd758eb,21787000,51,DNA,1000,21787,True,0.9156171082141304,0.9507510438026741,0.9331840760084023,0.9507510438026741,False,261,6043,24581,d__Bacteria;p__Bacillota_A;c__Clostridia;o__Oscillospirales;f__Ruminococcaceae;g__Gemmiger;s__Gemmiger formicilis
243000,0.011153440124845091,0.04573438874230431,0.00954697755542296,0.010902729750620397,1.2884615384615385,1.0,0.8454979975761774,/tmp/nxf.XXXXafbvaf/sourmash_database/gtdb-rs214-reps.k51.zip,"GCA_025148125.1 Blautia wexlerae DSM 19850 strain=DSM 19850, ASM2514812v1",7f2073ec6218c72ec98b02ac15cb9880,0.05343007915567282,208000,14,5306000,ERR1293332.fastq.gz,ERR1293332,9fd758eb,21787000,51,DNA,1000,21787,True,0.9156171082141304,0.9441796240661207,0.9298983661401256,0.9441796240661207,False,268,6311,24581,d__Bacteria;p__Bacillota_A;c__Clostridia;o__Lachnospirales;f__Lachnospiraceae;g__Blautia_A;s__Blautia_A wexlerae
214000,0.009822371138752468,0.06685432793807178,0.008720796805434434,0.010211138684349702,1.3210526315789475,1.0,1.1036203329656358,/tmp/nxf.XXXXafbvaf/sourmash_database/gtdb-rs214-reps.k51.zip,"GCA_021029595.1 Oscillospiraceae bacterium MH27-2 strain=MH27-2, ASM2102959v1",9f80a4aa0c0cd140334b7bd48cda4f2a,0.0752990851513019,190000,15,5116000,ERR1293332.fastq.gz,ERR1293332,9fd758eb,21787000,51,DNA,1000,21787,True,0.9133383487303216,0.9505528506875909,0.9319455997089563,0.9505528506875909,False,251,6562,24581,d__Bacteria;p__Bacillota_A;c__Clostridia;o__Oscillospirales;f__Acutalibacteraceae;g__UBA1417;s__UBA1417 sp003531055
162000,0.007435626749896727,0.07184035476718403,0.007435626749896727,0.006997274317562345,1.0617283950617284,1.0,0.24066158876071517,/tmp/nxf.XXXXafbvaf/sourmash_database/gtdb-rs214-reps.k51.zip,"GCA_900551235.1 uncultured Lachnospiraceae bacterium, UMGS1375",0b2da433fb3310d769c4c4c173f2f3fe,0.07184035476718403,162000,16,4954000,ERR1293332.fastq.gz,ERR1293332,9fd758eb,21787000,51,DNA,1000,21787,True,0.9083665412321167,0.9496768518788716,0.9290216965554942,0.9496768518788716,False,172,6734,24581,d__Bacteria;p__Bacillota_A;c__Clostridia;o__Lachnospirales;f__Lachnospiraceae;g__Hominisplanchenecus;s__Hominisplanchenecus sp900551235
171000,0.00784871712489099,0.04468599033816425,0.0067930417221278745,0.00687522883527928,1.1418918918918919,1.0,0.4193001752459514,/tmp/nxf.XXXXafbvaf/sourmash_database/gtdb-rs214-reps.k51.zip,"GCF_001406815.1 Roseburia faecis strain=M72, M72",a0f3a6070b93943510064cfd96143d45,0.051630434782608696,148000,17,4806000,ERR1293332.fastq.gz,ERR1293332,9fd758eb,21787000,51,DNA,1000,21787,True,0.9093300490217534,0.9435455233793858,0.9264377862005696,0.9435455233793858,False,169,6903,24581,d__Bacteria;p__Bacillota_A;c__Clostridia;o__Lachnospirales;f__Lachnospiraceae;g__Agathobacter;s__Agathobacter faecis
149000,0.006838940652682792,0.05161759360232643,0.006517648138798366,0.006753183352996217,1.1690140845070423,1.0,1.1984252048553605,/tmp/nxf.XXXXafbvaf/sourmash_database/gtdb-rs214-reps.k51.zip,"GCF_003287495.1 Faecalibacterium prausnitzii strain=APC923/61-1, ASM328749v1",e6bface39e3d16e80204535c16bd0cef,0.054162122864412944,142000,18,4664000,ERR1293332.fastq.gz,ERR1293332,9fd758eb,21787000,51,DNA,1000,21787,True,0.906877862668318,0.9444315862145355,0.9256547244414268,0.9444315862145355,False,166,7069,24581,d__Bacteria;p__Bacillota_A;c__Clostridia;o__Oscillospirales;f__Ruminococcaceae;g__Faecalibacterium;s__Faecalibacterium prausnitzii_I
175000,0.008032312847110663,0.023286982744178255,0.006379951347133612,0.006590456043285464,1.1654676258992807,1.0,0.5574495144693674,/tmp/nxf.XXXXafbvaf/sourmash_database/gtdb-rs214-reps.k51.zip,"GCF_900106755.1 Bacteroides faecis MAJ27 strain=MAJ27, IMG-taxon 2693429916 annotated assembly",29f2cc9d2d6e4b636e9cf811c74231fd,0.029318143742670465,139000,19,4525000,ERR1293332.fastq.gz,ERR1293332,9fd758eb,21787000,51,DNA,1000,21787,True,0.9097424152189737,0.9331336530523796,0.9214380341356767,0.9331336530523796,False,162,7231,24581,d__Bacteria;p__Bacteroidota;c__Bacteroidia;o__Bacteroidales;f__Bacteroidaceae;g__Bacteroides;s__Bacteroides faecis
258000,0.011841924083168863,0.022703818369453045,0.0060586588332491855,0.006142955941580896,1.143939393939394,1.0,0.3510282678243362,/tmp/nxf.XXXXafbvaf/sourmash_database/gtdb-rs214-reps.k51.zip,"GCF_000210075.1 Bacteroides xylanisolvens XB1A strain=XB1A, ASM21007v1",6bf3ff1d807c2ab1988e6b3c386a7cec,0.04437564499484004,132000,20,4393000,ERR1293332.fastq.gz,ERR1293332,9fd758eb,21787000,51,DNA,1000,21787,True,0.9166931078624355,0.9407482629111725,0.928720685386804,0.9407482629111725,False,151,7382,24581,d__Bacteria;p__Bacteroidota;c__Bacteroidia;o__Bacteroidales;f__Bacteroidaceae;g__Bacteroides;s__Bacteroides xylanisolvens
123000,0.005645568458254923,0.052251486830926085,0.005645568458254923,0.005085228428461006,1.016260162601626,1.0,0.12647438362686217,/tmp/nxf.XXXXafbvaf/sourmash_database/gtdb-rs214-reps.k51.zip,"GCF_000196555.1 Bifidobacterium longum subsp. longum JCM 1217 strain=JCM 1217, ASM19655v1",4e5724ba16e37517faabf3d6eac4a812,0.052251486830926085,123000,21,4270000,ERR1293332.fastq.gz,ERR1293332,9fd758eb,21787000,51,DNA,1000,21787,True,0.9034743698611658,0.943766764977871,0.9236205674195184,0.943766764977871,False,125,7507,24581,d__Bacteria;p__Actinomycetota;c__Actinomycetia;o__Actinomycetales;f__Bifidobacteriaceae;g__Bifidobacterium;s__Bifidobacterium longum
114000,0.00523247808326066,0.04146788990825688,0.005186579152705742,0.004881819291322566,1.0619469026548674,1.0,0.24105908799780948,/tmp/nxf.XXXXafbvaf/sourmash_database/gtdb-rs214-reps.k51.zip,"GCA_900545515.1 uncultured Clostridiales bacterium, UMGS777",e465be7ce69408f6ff459aef1130232c,0.0418348623853211,113000,22,4157000,ERR1293332.fastq.gz,ERR1293332,9fd758eb,21787000,51,DNA,1000,21787,True,0.9021292678545582,0.9396612985070995,0.9208952831808288,0.9396612985070995,False,120,7627,24581,d__Bacteria;p__Bacillota_A;c__Clostridia;o__Oscillospirales;f__Oscillospiraceae;g__Faecousia;s__Faecousia sp000435995
129000,0.005920962041584431,0.04341024638247947,0.005094781291595906,0.005044546601033318,1.117117117117117,1.0,0.3968056855053195,/tmp/nxf.XXXXafbvaf/sourmash_database/gtdb-rs214-reps.k51.zip,"GCF_018408575.1 Oscillibacter sp. MM50 strain=MM50, ASM1840857v1",e6e6d5e92963e67195839cba6e2f7cae,0.05044974579585452,111000,23,4046000,ERR1293332.fastq.gz,ERR1293332,9fd758eb,21787000,51,DNA,1000,21787,True,0.9043185035992236,0.9431176279633874,0.9237180657813056,0.9431176279633874,False,124,7751,24581,d__Bacteria;p__Bacillota_A;c__Clostridia;o__Oscillospirales;f__Oscillospiraceae;g__Vescimonas;s__Vescimonas coprocola
145000,0.00665534493046312,0.03632122625791403,0.0050029834304860694,0.005166592083316383,1.165137614678899,1.0,0.4596321119220312,/tmp/nxf.XXXXafbvaf/sourmash_database/gtdb-rs214-reps.k51.zip,"GCF_003324185.1 Faecalibacterium prausnitzii strain=ATCC 27768, ASM332418v1",a294186b3cb8cdd319bb9d5fdcde1f5a,0.048317227590803064,109000,24,3937000,ERR1293332.fastq.gz,ERR1293332,9fd758eb,21787000,51,DNA,1000,21787,True,0.9063941001457174,0.9423192835209742,0.9243566918333458,0.9423192835209742,False,127,7878,24581,d__Bacteria;p__Bacillota_A;c__Clostridia;o__Oscillospirales;f__Ruminococcaceae;g__Faecalibacterium;s__Faecalibacterium prausnitzii
107000,0.004911185569376234,0.02845303867403315,0.004727589847156561,0.004312273707334934,1.029126213592233,1.0,0.16816027257950264,/tmp/nxf.XXXXafbvaf/sourmash_database/gtdb-rs214-reps.k51.zip,"GCF_000265365.1 Alistipes finegoldii DSM 17242 strain=DSM 17242, ASM26536v1",32e9ec95ec567198d44d9d52c769243b,0.02955801104972376,103000,25,3834000,ERR1293332.fastq.gz,ERR1293332,9fd758eb,21787000,51,DNA,1000,21787,True,0.9010090309608143,0.9332827512487032,0.9171458911047587,0.9332827512487032,False,106,7984,24581,d__Bacteria;p__Bacteroidota;c__Bacteroidia;o__Bacteroidales;f__Rikenellaceae;g__Alistipes;s__Alistipes finegoldii
98000,0.004498095194381971,0.05128205128205128,0.004498095194381971,0.004637728326756438,1.163265306122449,1.0,0.44478560648374227,/tmp/nxf.XXXXafbvaf/sourmash_database/gtdb-rs214-reps.k51.zip,"GCA_900757655.1 uncultured Oscillospiraceae bacterium, ERS537352_6",62739ed4db725e749ac6c8b8c0265374,0.05128205128205128,98000,26,3736000,ERR1293332.fastq.gz,ERR1293332,9fd758eb,21787000,51,DNA,1000,21787,True,0.8994581344207854,0.9434202712785419,0.9214392028496636,0.9434202712785419,False,114,8098,24581,d__Bacteria;p__Bacillota_A;c__Clostridia;o__Oscillospirales;f__Oscillospiraceae;g__CAG-103;s__CAG-103 sp900757655
151000,0.006930738513792629,0.026257600884466555,0.004360398402717217,0.0041495463976241815,1.0736842105263158,1.0,0.26125628728401806,/tmp/nxf.XXXXafbvaf/sourmash_database/gtdb-rs214-reps.k51.zip,"GCF_000225345.1 Roseburia hominis A2-183 strain=A2-183, ASM22534v1",2a06d44b517751a885debff12d3f2b01,0.04173576561636263,95000,27,3641000,ERR1293332.fastq.gz,ERR1293332,9fd758eb,21787000,51,DNA,1000,21787,True,0.9071149894286382,0.9396176039748634,0.9233662967017509,0.9396176039748634,False,102,8200,24581,d__Bacteria;p__Bacillota_A;c__Clostridia;o__Lachnospirales;f__Lachnospiraceae;g__Roseburia;s__Roseburia hominis
96000,0.004406297333272135,0.04508393285371703,0.004314499472162298,0.004027500915341117,1.053191489361702,1.0,0.224415139465202,/tmp/nxf.XXXXafbvaf/sourmash_database/gtdb-rs214-reps.k51.zip,"GCA_900552475.1 uncultured Clostridiales bacterium, UMGS1515",953dcca4bdab841cc26e4736204230d1,0.0460431654676259,94000,28,3547000,ERR1293332.fastq.gz,ERR1293332,9fd758eb,21787000,51,DNA,1000,21787,True,0.8990945572247743,0.9414289569495704,0.9202617570871723,0.9414289569495704,False,99,8299,24581,d__Bacteria;p__Bacillota_A;c__Clostridia;o__Oscillospirales;f__Oscillospiraceae;g__Vescimonas;s__Vescimonas sp900552475
107000,0.004911185569376234,0.02180376610505451,0.00403910588883279,0.003783409950774989,1.0568181818181819,1.0,0.23149487258481097,/tmp/nxf.XXXXafbvaf/sourmash_database/gtdb-rs214-reps.k51.zip,"GCF_000949455.1 Ruthenibacterium lactatiformans strain=585-1, ASM94945v1",1562c71162861a5c6e3bb1e6d2a266f2,0.02651139742319128,88000,29,3459000,ERR1293332.fastq.gz,ERR1293332,9fd758eb,21787000,51,DNA,1000,21787,True,0.9010090309608143,0.9312942340869875,0.916151632523901,0.9312942340869875,False,93,8392,24581,d__Bacteria;p__Bacillota_A;c__Clostridia;o__Oscillospirales;f__Ruminococcaceae;g__Ruthenibacterium;s__Ruthenibacterium lactatiformans
165000,0.007573323541561481,0.020710059171597635,0.0038555101666131178,0.0035800008136365486,1.0476190476190477,1.0,0.21295885499997996,/tmp/nxf.XXXXafbvaf/sourmash_database/gtdb-rs214-reps.k51.zip,"GCF_000174195.1 Roseburia inulinivorans DSM 16841 strain=DSM 16841, ASM17419v1",e3692c21f5a57009b8f3ea43032066c2,0.040680473372781065,84000,30,3375000,ERR1293332.fastq.gz,ERR1293332,9fd758eb,21787000,51,DNA,1000,21787,True,0.9086934185341806,0.9391458825339662,0.9239196505340734,0.9391458825339662,False,88,8480,24581,d__Bacteria;p__Bacillota_A;c__Clostridia;o__Lachnospirales;f__Lachnospiraceae;g__Roseburia;s__Roseburia inulinivorans
131000,0.006012759902694267,0.011435105774728416,0.0036719144443934457,0.003864773605630365,1.1875,1.0,0.4211220131980754,/tmp/nxf.XXXXafbvaf/sourmash_database/gtdb-rs214-reps.k51.zip,"GCA_900557355.1 uncultured Bacteroides sp., UMGS2042",26cd6f99620cbd40a9534fcb50c2c063,0.018724985706117782,80000,31,3295000,ERR1293332.fastq.gz,ERR1293332,9fd758eb,21787000,51,DNA,1000,21787,True,0.9045913460601441,0.9249663034444939,0.914778824752319,0.9249663034444939,False,95,8575,24581,d__Bacteria;p__Bacteroidota;c__Bacteroidia;o__Bacteroidales;f__Bacteroidaceae;g__Bacteroides;s__Bacteroides sp900557355
79000,0.0036260155138385275,0.04276315789473684,0.0035801165832836093,0.00333590984907042,1.0512820512820513,1.0,0.27256784135217044,/tmp/nxf.XXXXafbvaf/sourmash_database/gtdb-rs214-reps.k51.zip,"GCF_000160055.1 Dialister invisus DSM 15470 strain=DSM 15470, ASM16005v1",f5affa7513f69773c6fae6e4919ba6cc,0.04331140350877193,78000,32,3217000,ERR1293332.fastq.gz,ERR1293332,9fd758eb,21787000,51,DNA,1000,21787,True,0.8956651567252055,0.9403005950162601,0.9179828758707328,0.9403005950162601,False,82,8657,24581,d__Bacteria;p__Bacillota_C;c__Negativicutes;o__Veillonellales;f__Dialisteraceae;g__Dialister;s__Dialister invisus
173000,0.007940514986000825,0.017575895914174845,0.0035342176527286915,0.003864773605630365,1.2337662337662338,1.0,0.6220223384326258,/tmp/nxf.XXXXafbvaf/sourmash_database/gtdb-rs214-reps.k51.zip,"GCA_019417795.1 Clostridiales bacterium, ASM1941779v1",5a199efdf60fbe8e0dc767e0c79a1bc4,0.03948870120976946,77000,33,3140000,ERR1293332.fastq.gz,ERR1293332,9fd758eb,21787000,51,DNA,1000,21787,True,0.9095374005876409,0.9385985086098934,0.9240679545987671,0.9385985086098934,False,95,8752,24581,d__Bacteria;p__Bacillota_A;c__Clostridia;o__Oscillospirales;f__Oscillospiraceae;g__Dysosmobacter;s__Dysosmobacter sp019417795
77000,0.0035342176527286915,0.01609868283504077,0.0035342176527286915,0.00333590984907042,1.0649350649350648,1.0,0.24641124624688673,/tmp/nxf.XXXXafbvaf/sourmash_database/gtdb-rs214-reps.k51.zip,"GCF_000701705.1 Bilophila wadsworthia ATCC 49260 strain=ATCC 49260, ASM70170v1",b1bd0a4998658b6084d0785f2a2c686c,0.01609868283504077,77000,34,3063000,ERR1293332.fastq.gz,ERR1293332,9fd758eb,21787000,51,DNA,1000,21787,True,0.8952149359649489,0.9222295343412765,0.9087222351531128,0.9222295343412765,False,82,8834,24581,d__Bacteria;p__Desulfobacterota;c__Desulfovibrionia;o__Desulfovibrionales;f__Desulfovibrionaceae;g__Bilophila;s__Bilophila wadsworthia
127000,0.005829164180474595,0.023485784919653894,0.0034883187221737733,0.003173182539359668,1.0263157894736843,1.0,0.16007269816574263,/tmp/nxf.XXXXafbvaf/sourmash_database/gtdb-rs214-reps.k51.zip,"GCA_025149785.1 Coprococcus comes ATCC 27758 strain=ATCC 27758, ASM2514978v1",3a055d916786f743b82f17b95fcc483f,0.039245982694684795,76000,35,2987000,ERR1293332.fastq.gz,ERR1293332,9fd758eb,21787000,51,DNA,1000,21787,True,0.9040414820361086,0.9384850462996261,0.9212632641678673,0.9384850462996261,False,78,8912,24581,d__Bacteria;p__Bacillota_A;c__Clostridia;o__Lachnospirales;f__Lachnospiraceae;g__Bariatricus;s__Bariatricus comes
90000,0.004130903749942626,0.0380952380952381,0.0034883187221737733,0.0032545461942150443,1.0526315789473684,1.0,0.2760023284658294,/tmp/nxf.XXXXafbvaf/sourmash_database/gtdb-rs214-reps.k51.zip,"GCA_900543625.1 uncultured Clostridiales bacterium, UMGS596",230628a283f5731e4baeb5b079cd6331,0.045112781954887216,76000,36,2911000,ERR1293332.fastq.gz,ERR1293332,9fd758eb,21787000,51,DNA,1000,21787,True,0.8979575075464387,0.9410522075791256,0.9195048575627821,0.9410522075791256,False,80,8992,24581,d__Bacteria;p__Bacillota_A;c__Clostridia;o__Oscillospirales;f__Oscillospiraceae;g__CAG-103;s__CAG-103 sp900543625
83000,0.0038096112360582,0.027077151335311574,0.003350621930509019,0.003051137057076604,1.0273972602739727,1.0,0.1632380176412738,/tmp/nxf.XXXXafbvaf/sourmash_database/gtdb-rs214-reps.k51.zip,"GCF_000332875.2 Anaerostipes hadrus DSM 3319 strain=DSM 3319, ASM33287v2",11a8e5e9f5fa6b11c020b08a3ba744de,0.030786350148367954,73000,37,2838000,ERR1293332.fastq.gz,ERR1293332,9fd758eb,21787000,51,DNA,1000,21787,True,0.8965330155380049,0.9340281488799781,0.9152805822089916,0.9340281488799781,False,75,9067,24581,d__Bacteria;p__Bacillota_A;c__Clostridia;o__Lachnospirales;f__Lachnospiraceae;g__Anaerostipes;s__Anaerostipes hadrus
84000,0.0038555101666131178,0.02763915547024952,0.0033047229999541012,0.0029290915747935396,1.0,1.0,0.0,/tmp/nxf.XXXXafbvaf/sourmash_database/gtdb-rs214-reps.k51.zip,"GCF_000153925.1 [Ruminococcus] torques ATCC 27756 strain=ATCC 27756, ASM15392v1",4abf9d69f1e69e10e84c4f7510c75164,0.032245681381957776,72000,38,2766000,ERR1293332.fastq.gz,ERR1293332,9fd758eb,21787000,51,DNA,1000,21787,True,0.8967435706644488,0.9348767179103068,0.9158101442873778,0.9348767179103068,False,72,9139,24581,d__Bacteria;p__Bacillota_A;c__Clostridia;o__Lachnospirales;f__Lachnospiraceae;g__Mediterraneibacter;s__Mediterraneibacter torques
72000,0.0033047229999541012,0.022187981510015407,0.0033047229999541012,0.0030104552296489158,1.0277777777777777,1.0,0.16433554953054488,/tmp/nxf.XXXXafbvaf/sourmash_database/gtdb-rs214-reps.k51.zip,"GCF_000210055.1 Gordonibacter pamelaeae 7-10-1-b strain=7-10-1-bT, ASM21005v1",9d497eff52a10c37135e193cbca8d196,0.022187981510015407,72000,39,2694000,ERR1293332.fastq.gz,ERR1293332,9fd758eb,21787000,51,DNA,1000,21787,True,0.8940371994588326,0.9280490642179295,0.9110431318383811,0.9280490642179295,False,74,9213,24581,d__Bacteria;p__Actinomycetota;c__Coriobacteriia;o__Coriobacteriales;f__Eggerthellaceae;g__Gordonibacter;s__Gordonibacter pamelaeae
96000,0.004406297333272135,0.019065520945220193,0.003258824069399183,0.0030104552296489158,1.0422535211267605,1.0,0.2619869751794123,/tmp/nxf.XXXXafbvaf/sourmash_database/gtdb-rs214-reps.k51.zip,"GCF_001487165.1 Blautia massiliensis strain=GD9, Blautia massiliensis1",26a084514a434ed691fd39a9b849e9f4,0.02577873254564984,71000,40,2623000,ERR1293332.fastq.gz,ERR1293332,9fd758eb,21787000,51,DNA,1000,21787,True,0.8990945572247743,0.9307826211831193,0.9149385892039468,0.9307826211831193,False,74,9287,24581,d__Bacteria;p__Bacillota_A;c__Clostridia;o__Lachnospirales;f__Lachnospiraceae;g__Blautia_A;s__Blautia_A massiliensis
106000,0.004865286638821315,0.022144890857323633,0.003212925138844265,0.003295228021642732,1.1571428571428573,1.0,0.5512508966164211,/tmp/nxf.XXXXafbvaf/sourmash_database/gtdb-rs214-reps.k51.zip,"GCA_916988195.3 Oscillospiraceae bacterium, POC01_20211130",19587ccd3c5994ce7f71257b0384cd82,0.0335336918696615,70000,41,2553000,ERR1293332.fastq.gz,ERR1293332,9fd758eb,21787000,51,DNA,1000,21787,True,0.9008431591552635,0.9355949521722988,0.9182190556637811,0.9355949521722988,False,81,9368,24581,d__Bacteria;p__Bacillota_A;c__Clostridia;o__Oscillospirales;f__Oscillospiraceae;g__CAG-170;s__CAG-170 sp900549635
316000,0.01450406205535411,0.026510721247563353,0.003121127277734429,0.0035800008136365486,1.2941176470588236,1.0,0.5955428450387231,/tmp/nxf.XXXXafbvaf/sourmash_database/gtdb-rs214-reps.k51.zip,"GCA_019414665.1 Bacteroides sp., ASM1941466v1",020e6e4bea30c62d0c7beb17e6beaf5f,0.12319688109161793,68000,42,2485000,ERR1293332.fastq.gz,ERR1293332,9fd758eb,21787000,51,DNA,1000,21787,True,0.9203452546990797,0.9597732065866384,0.940059230642859,0.9597732065866384,False,88,9456,24581,d__Bacteria;p__Bacteroidota;c__Bacteroidia;o__Bacteroidales;f__Bacteroidaceae;g__Phocaeicola;s__Phocaeicola sp019414665
67000,0.0030752283471795106,0.013598538664501725,0.0030752283471795106,0.0027256824376550993,1.0,1.0,0.0,/tmp/nxf.XXXXafbvaf/sourmash_database/gtdb-rs214-reps.k51.zip,"GCF_003697165.2 Escherichia coli DSM 30083 = JCM 1649 = ATCC 11775 strain=ATCC 11775, ASM369716v2",84efa859553c7c5d22f6f6377fa345fd,0.013598538664501725,67000,43,2418000,ERR1293332.fastq.gz,ERR1293332,9fd758eb,21787000,51,DNA,1000,21787,True,0.8927763837194699,0.9191826296573608,0.9059795066884153,0.9191826296573608,False,67,9523,24581,d__Bacteria;p__Pseudomonadota;c__Gammaproteobacteria;o__Enterobacterales;f__Enterobacteriaceae;g__Escherichia;s__Escherichia coli
71000,0.003258824069399183,0.02147039687703318,0.0030293294166245928,0.0027663642650827876,1.0303030303030303,1.0,0.17141982574219336,/tmp/nxf.XXXXafbvaf/sourmash_database/gtdb-rs214-reps.k51.zip,"GCF_003477605.1 Clostridium sp. AF37-5 strain=AF37-5, ASM347760v1",0fa591a160b88ae9b14466b587521f5d,0.02309694209499024,66000,44,2352000,ERR1293332.fastq.gz,ERR1293332,9fd758eb,21787000,51,DNA,1000,21787,True,0.8937920522787581,0.9287799532787686,0.9112860027787634,0.9287799532787686,False,68,9591,24581,d__Bacteria;p__Bacillota_A;c__Clostridia;o__Lachnospirales;f__Lachnospiraceae;g__Eubacterium_F;s__Eubacterium_F sp003491505
101000,0.004635791986046725,0.022460262612301312,0.0029834304860696746,0.0028070460925104755,1.0615384615384615,1.0,0.29752430162790333,/tmp/nxf.XXXXafbvaf/sourmash_database/gtdb-rs214-reps.k51.zip,"GCA_900112995.1 Lactobacillus rogosae strain=ATCC 27753, IMG-taxon 2597490368 annotated assembly",ed1efb2cfdd72a79a58a29bdfe7eb6ab,0.03489979267449896,65000,45,2287000,ERR1293332.fastq.gz,ERR1293332,9fd758eb,21787000,51,DNA,1000,21787,True,0.8999900837269367,0.9363277589995096,0.9181589213632231,0.9363277589995096,False,69,9660,24581,d__Bacteria;p__Bacillota_A;c__Clostridia;o__Lachnospirales;f__Lachnospiraceae;g__Lachnospira;s__Lachnospira rogosae
106000,0.004865286638821315,0.019968798751950078,0.0029375315555147563,0.0027256824376550993,1.046875,1.0,0.21137108216357317,/tmp/nxf.XXXXafbvaf/sourmash_database/gtdb-rs214-reps.k51.zip,"GCA_000020605.1 [Eubacterium] rectale ATCC 33656 strain=ATCC 33656, ASM2060v1",bb4d1c2199066ffc1226ec8433ce5698,0.033073322932917315,64000,46,2223000,ERR1293332.fastq.gz,ERR1293332,9fd758eb,21787000,51,DNA,1000,21787,True,0.9008431591552635,0.9353413915606654,0.9180922753579644,0.9353413915606654,False,67,9727,24581,d__Bacteria;p__Bacillota_A;c__Clostridia;o__Lachnospirales;f__Lachnospiraceae;g__Agathobacter;s__Agathobacter rectalis
296000,0.013586083444255749,0.010693342531907554,0.0028457336944049203,0.003051137057076604,1.2096774193548387,1.0,0.5718418677818011,/tmp/nxf.XXXXafbvaf/sourmash_database/gtdb-rs214-reps.k51.zip,"GCA_019412865.1 Bacteroides sp., ASM1941286v1",ea887218e0141cf6c988447e4d85d9a1,0.05105208692652639,62000,47,2161000,ERR1293332.fastq.gz,ERR1293332,9fd758eb,21787000,51,DNA,1000,21787,True,0.9191661143801301,0.9433371357605077,0.9312516250703189,0.9433371357605077,False,75,9802,24581,d__Bacteria;p__Bacteroidota;c__Bacteroidia;o__Bacteroidales;f__Bacteroidaceae;g__Bacteroides;s__Bacteroides sp019412865
92000,0.004222701611052463,0.02059732234809475,0.0027539358332950843,0.002481591473088971,1.0166666666666666,1.0,0.12801909579781015,/tmp/nxf.XXXXafbvaf/sourmash_database/gtdb-rs214-reps.k51.zip,"GCF_009695995.1 Lachnospiraceae bacterium WCA3-601-WT-6H strain=WCA3-601-WT-6H, ASM969599v1",5d6c5014a4cd18c2fe5be407fbfab795,0.03158256093374528,60000,48,2101000,ERR1293332.fastq.gz,ERR1293332,9fd758eb,21787000,51,DNA,1000,21787,True,0.8983445737746059,0.9344958969402078,0.9164202353574069,0.9344958969402078,False,61,9863,24581,d__Bacteria;p__Bacillota_A;c__Clostridia;o__Lachnospirales;f__Lachnospiraceae;g__Acetatifactor;s__Acetatifactor intestinalis
57000,0.00261623904163033,0.030961434003259097,0.00261623904163033,0.002522273300516659,1.087719298245614,1.0,0.3392820983476091,/tmp/nxf.XXXXafbvaf/sourmash_database/gtdb-rs214-reps.k51.zip,"GCA_000436835.1 Eubacterium sp. CAG:251, MGS251",491a1cd356571c4fd01bbec5344df263,0.030961434003259097,57000,49,2044000,ERR1293332.fastq.gz,ERR1293332,9fd758eb,21787000,51,DNA,1000,21787,True,0.8899512634731437,0.9341320140214356,0.9120416387472896,0.9341320140214356,False,62,9925,24581,d__Bacteria;p__Bacillota_A;c__Clostridia;o__Oscillospirales;f__Acutalibacteraceae;g__Eubacterium_R;s__Eubacterium_R sp000436835
56000,0.002570340111075412,0.020958083832335328,0.002570340111075412,0.002318864163378219,1.0178571428571428,1.0,0.13243211584099399,/tmp/nxf.XXXXafbvaf/sourmash_database/gtdb-rs214-reps.k51.zip,"GCA_003531585.1 Ruminococcaceae bacterium, ASM353158v1",d6f1ac5aad30fa434bdd28fbbe7f9b68,0.020958083832335328,56000,50,1988000,ERR1293332.fastq.gz,ERR1293332,9fd758eb,21787000,51,DNA,1000,21787,True,0.8896424590027473,0.9270119336624292,0.9083271963325883,0.9270119336624292,False,57,9982,24581,d__Bacteria;p__Bacillota_A;c__Clostridia;o__Oscillospirales;f__Ruminococcaceae;g__CAG-115;s__CAG-115 sp003531585
107000,0.004911185569376234,0.013073507646768623,0.0024326433194106576,0.0022375005085228427,1.0377358490566038,1.0,0.19055669695022787,/tmp/nxf.XXXXafbvaf/sourmash_database/gtdb-rs214-reps.k51.zip,"GCA_018223435.1 Lachnospiraceae bacterium Marseille-Q4251 strain=Marseille-Q4251, ASM1822343v1",5b7102c1db11e707bc7dfa1da48d660f,0.026393685249136656,53000,51,1935000,ERR1293332.fastq.gz,ERR1293332,9fd758eb,21787000,51,DNA,1000,21787,True,0.9010090309608143,0.9312129786393764,0.9161110048000953,0.9312129786393764,False,55,10037,24581,d__Bacteria;p__Bacillota_A;c__Clostridia;o__Lachnospirales;f__Lachnospiraceae;g__Limivivens;s__Limivivens sp900543575
68000,0.003121127277734429,0.01649548708372238,0.0024326433194106576,0.0022375005085228427,1.0377358490566038,1.0,0.1905566969502279,/tmp/nxf.XXXXafbvaf/sourmash_database/gtdb-rs214-reps.k51.zip,"GCF_001404675.1 Coprococcus eutactus strain=2789STDY5834963, 14207_7#86",6309e330103cdd129eb9c6193ed4268b,0.021164021164021163,53000,52,1882000,ERR1293332.fastq.gz,ERR1293332,9fd758eb,21787000,51,DNA,1000,21787,True,0.8930357656802881,0.9271896859726793,0.9101127258264836,0.9271896859726793,False,55,10092,24581,d__Bacteria;p__Bacillota_A;c__Clostridia;o__Lachnospirales;f__Lachnospiraceae;g__Coprococcus;s__Coprococcus eutactus_A
85000,0.003901409097168036,0.022572402044293016,0.0024326433194106576,0.002359545990805907,1.0943396226415094,1.0,0.2923006299024466,/tmp/nxf.XXXXafbvaf/sourmash_database/gtdb-rs214-reps.k51.zip,"GCF_002834235.1 Ruminococcus bromii strain=5AMG, ASM283423v1",c788aae2c6f3cc3e1e9802e6b555f644,0.036201022146507666,53000,53,1829000,ERR1293332.fastq.gz,ERR1293332,9fd758eb,21787000,51,DNA,1000,21787,True,0.8969516825312167,0.9370000718269648,0.9169758771790908,0.9370000718269648,False,58,10150,24581,d__Bacteria;p__Bacillota_A;c__Clostridia;o__Oscillospirales;f__Acutalibacteraceae;g__Ruminococcus_E;s__Ruminococcus_E bromii_B
52000,0.00238674438885574,0.026052104208416832,0.00238674438885574,0.002156136853667467,1.0192307692307692,1.0,0.13733516208736252,/tmp/nxf.XXXXafbvaf/sourmash_database/gtdb-rs214-reps.k51.zip,"GCF_001025195.1 Bifidobacterium catenulatum DSM 16992 = JCM 1194 = LMG 11043 strain=JCM 1194, ASM102519v1",9b566e78d1f78d933a35825fd06d987a,0.026052104208416832,52000,54,1777000,ERR1293332.fastq.gz,ERR1293332,9fd758eb,21787000,51,DNA,1000,21787,True,0.8883506605575601,0.9309751617746787,0.9096629111661194,0.9309751617746787,False,53,10203,24581,d__Bacteria;p__Actinomycetota;c__Actinomycetia;o__Actinomycetales;f__Bifidobacteriaceae;g__Bifidobacterium;s__Bifidobacterium catenulatum
96000,0.004406297333272135,0.014952153110047847,0.0022949465277459034,0.002156136853667467,1.06,1.0,0.23748684174075838,/tmp/nxf.XXXXafbvaf/sourmash_database/gtdb-rs214-reps.k51.zip,"GCA_001312505.1 [Ruminococcus] faecis JCM 15917 strain=JCM 15917, ASM131250v1",74084a0ba33e0aad9e3ea50a89ace6e7,0.028708133971291867,50000,55,1727000,ERR1293332.fastq.gz,ERR1293332,9fd758eb,21787000,51,DNA,1000,21787,True,0.8990945572247743,0.9327490238719223,0.9159217905483483,0.9327490238719223,False,53,10256,24581,d__Bacteria;p__Bacillota_A;c__Clostridia;o__Lachnospirales;f__Lachnospiraceae;g__Mediterraneibacter;s__Mediterraneibacter faecis
50000,0.0022949465277459034,0.03717472118959108,0.0022949465277459034,0.002196818681095155,1.08,1.0,0.2712931993250107,/tmp/nxf.XXXXafbvaf/sourmash_database/gtdb-rs214-reps.k51.zip,"GCA_001916775.1 Firmicutes bacterium CAG:321_26_22, ASM191677v1",e3dc325471a79420a7fe63d364b258b0,0.03717472118959108,50000,56,1677000,ERR1293332.fastq.gz,ERR1293332,9fd758eb,21787000,51,DNA,1000,21787,True,0.8876677516823795,0.9374878363180339,0.9125777940002067,0.9374878363180339,False,54,10310,24581,d__Bacteria;p__Bacillota;c__Bacilli;o__RF39;f__UBA660;g__CAG-302;s__CAG-302 sp001916775
105000,0.004819387708266397,0.012597631645250693,0.0022949465277459034,0.002156136853667467,1.06,1.0,0.23748684174075838,/tmp/nxf.XXXXafbvaf/sourmash_database/gtdb-rs214-reps.k51.zip,"GCA_020687485.1 Lachnospiraceae bacterium CLA-AA-H215 strain=CLA-AA-H215, ASM2068748v1",20ab9c7d65066744af9084616969416a,0.026455026455026454,50000,57,1627000,ERR1293332.fastq.gz,ERR1293332,9fd758eb,21787000,51,DNA,1000,21787,True,0.9006757460534734,0.9312553660437812,0.9159655560486273,0.9312553660437812,False,53,10363,24581,d__Bacteria;p__Bacillota_A;c__Clostridia;o__Lachnospirales;f__Lachnospiraceae;g__JAJEQR01;s__JAJEQR01 sp020687485
